09.04.2015 16:22:34;http://localhost:53780/
09.04.2015 16:23:32;http://localhost:53780/
09.04.2015 16:23:34;http://localhost:53780/
09.04.2015 16:23:37;http://localhost:53780/Home/ItemsTable/Customers
09.04.2015 16:23:37;http://localhost:53780/Home/ItemsTable/Customers
09.04.2015 16:23:39;http://localhost:53780/Home/ItemsTable/Products
09.04.2015 16:23:39;http://localhost:53780/Home/ItemsTable/Products
09.04.2015 16:23:39;http://localhost:53780/Home/ItemsTable/Customers
09.04.2015 16:23:39;http://localhost:53780/Home/ItemsTable/Customers
09.04.2015 16:23:40;http://localhost:53780/Home/ItemsTable/Products
09.04.2015 16:23:40;http://localhost:53780/Home/ItemsTable/Products
09.04.2015 16:23:42;http://localhost:53780/Home/ItemsTable/Customers
09.04.2015 16:23:42;http://localhost:53780/Home/ItemsTable/Customers
09.04.2015 16:23:43;http://localhost:53780/Home/ItemsTable/Products
09.04.2015 16:23:43;http://localhost:53780/Home/ItemsTable/Products
09.04.2015 16:23:44;http://localhost:53780/Home/ItemsTable/Customers
09.04.2015 16:23:44;http://localhost:53780/Home/ItemsTable/Customers
09.04.2015 16:25:08;http://localhost:53780/Home/ItemsTable/Log
09.04.2015 16:26:32;http://localhost:53780/
09.04.2015 16:26:34;http://localhost:53780/
09.04.2015 16:26:41;http://localhost:53780/Home/ItemsTable/Customers
09.04.2015 16:26:41;http://localhost:53780/Home/ItemsTable/Customers
09.04.2015 16:26:44;http://localhost:53780/Home/ItemsTable/Products
09.04.2015 16:26:44;http://localhost:53780/Home/ItemsTable/Products
09.04.2015 16:26:45;http://localhost:53780/Home/ItemsTable/Log
09.04.2015 16:27:59;http://localhost:53780/
09.04.2015 16:28:01;http://localhost:53780/
09.04.2015 16:28:04;http://localhost:53780/Home/ItemsTable/Customers
09.04.2015 16:28:04;http://localhost:53780/Home/ItemsTable/Customers
09.04.2015 16:28:05;http://localhost:53780/Home/ItemsTable/Products
09.04.2015 16:28:05;http://localhost:53780/Home/ItemsTable/Products
09.04.2015 16:30:32;http://localhost:53780/
09.04.2015 16:30:34;http://localhost:53780/
09.04.2015 16:30:36;http://localhost:53780/Home/ItemsTable/Customers
09.04.2015 16:30:36;http://localhost:53780/Home/ItemsTable/Customers
09.04.2015 16:30:37;http://localhost:53780/Home/ItemsTable/Products
09.04.2015 16:30:37;http://localhost:53780/Home/ItemsTable/Products
09.04.2015 16:31:31;http://localhost:53780/
09.04.2015 16:31:32;http://localhost:53780/
09.04.2015 16:31:34;http://localhost:53780/Home/ItemsTable/Customers
09.04.2015 16:31:34;http://localhost:53780/Home/ItemsTable/Customers
09.04.2015 16:31:34;http://localhost:53780/Home/ItemsTable/Products
09.04.2015 16:31:34;http://localhost:53780/Home/ItemsTable/Products
09.04.2015 16:32:16;http://localhost:53780/
09.04.2015 16:32:18;http://localhost:53780/
09.04.2015 16:32:20;http://localhost:53780/Home/ItemsTable/Sports
09.04.2015 16:32:20;http://localhost:53780/Home/ItemsTable/Sports
09.04.2015 16:32:21;http://localhost:53780/Home/ItemsTable/Products
09.04.2015 16:32:21;http://localhost:53780/Home/ItemsTable/Products
09.04.2015 16:37:12;http://localhost:53780/
09.04.2015 16:37:14;http://localhost:53780/
09.04.2015 16:39:02;http://localhost:53780/
09.04.2015 16:39:03;http://localhost:53780/
09.04.2015 16:39:35;http://localhost:53780/
09.04.2015 16:41:07;http://localhost:53780/
09.04.2015 16:41:09;http://localhost:53780/
09.04.2015 16:41:13;http://localhost:53780/Home/ItemsTable/Sports
09.04.2015 16:41:13;http://localhost:53780/Home/ItemsTable/Sports
09.04.2015 16:41:14;http://localhost:53780/Home/ItemsTable/Biathletes
09.04.2015 16:41:14;http://localhost:53780/Home/ItemsTable/Biathletes
09.04.2015 16:43:52;http://localhost:53780/
09.04.2015 16:43:54;http://localhost:53780/
09.04.2015 16:44:49;http://localhost:53780/
09.04.2015 16:44:51;http://localhost:53780/
09.04.2015 16:45:04;http://localhost:53780/Home/Table/Sports
09.04.2015 16:45:04;http://localhost:53780/Home/Table/Sports
09.04.2015 16:45:10;http://localhost:53780/Home/Table/Biathletes
09.04.2015 16:45:10;http://localhost:53780/Home/Table/Biathletes
09.04.2015 16:46:57;http://localhost:53780/
09.04.2015 16:46:57;http://localhost:53780/
09.04.2015 16:47:01;http://localhost:53780/Home/Table/Sports
09.04.2015 16:47:01;http://localhost:53780/Home/Table/Sports
09.04.2015 16:47:01;http://localhost:53780/Home/Table/Biathletes
09.04.2015 16:47:01;http://localhost:53780/Home/Table/Biathletes
09.04.2015 16:48:38;http://localhost:53780/
09.04.2015 16:48:40;http://localhost:53780/
09.04.2015 16:48:45;http://localhost:53780/Home/Table/Sports
09.04.2015 16:48:45;http://localhost:53780/Home/Table/Sports
09.04.2015 16:48:46;http://localhost:53780/Home/Table/Biathletes
09.04.2015 16:48:46;http://localhost:53780/Home/Table/Biathletes
09.04.2015 16:48:47;http://localhost:53780/Home/Table/Sports
09.04.2015 16:48:47;http://localhost:53780/Home/Table/Sports
09.04.2015 16:48:49;http://localhost:53780/Home/Table/Biathletes
09.04.2015 16:48:49;http://localhost:53780/Home/Table/Biathletes
09.04.2015 16:48:51;http://localhost:53780/Home/Table/Sports
09.04.2015 16:48:51;http://localhost:53780/Home/Table/Sports
09.04.2015 16:51:11;http://localhost:53780/Home/Index
09.04.2015 16:51:12;http://localhost:53780/Home/Index
09.04.2015 16:51:31;http://localhost:53780/Home/Table/Sports
09.04.2015 16:51:31;http://localhost:53780/Home/Table/Sports
09.04.2015 16:51:31;http://localhost:53780/Home/Table/Biathletes
09.04.2015 16:51:31;http://localhost:53780/Home/Table/Biathletes
09.04.2015 16:52:19;http://localhost:53780/
09.04.2015 16:52:20;http://localhost:53780/
09.04.2015 16:52:26;http://localhost:53780/Home/Table/Sports
09.04.2015 16:52:26;http://localhost:53780/Home/Table/Sports
09.04.2015 16:52:27;http://localhost:53780/Home/Table/Biathletes
09.04.2015 16:52:27;http://localhost:53780/Home/Table/Biathletes
09.04.2015 16:52:28;http://localhost:53780/Home/Table/Sports
09.04.2015 16:52:28;http://localhost:53780/Home/Table/Sports
09.04.2015 16:53:28;http://localhost:53780/
09.04.2015 16:53:30;http://localhost:53780/
09.04.2015 16:53:31;http://localhost:53780/Home/Table/Sports
09.04.2015 16:53:31;http://localhost:53780/Home/Table/Sports
09.04.2015 16:53:32;http://localhost:53780/Home/Table/Biathletes
09.04.2015 16:53:32;http://localhost:53780/Home/Table/Biathletes
24.05.2015 17:03:47;http://localhost:53780/
24.05.2015 17:03:55;http://localhost:53780/
24.05.2015 17:04:11;http://localhost:53780/Home/Table/Biathletes
24.05.2015 17:04:11;http://localhost:53780/Home/Table/Biathletes
24.05.2015 17:04:13;http://localhost:53780/Home/Table/Sports
24.05.2015 17:04:13;http://localhost:53780/Home/Table/Sports
24.05.2015 19:41:02;http://localhost:53780/
24.05.2015 19:41:11;http://localhost:53780/
24.05.2015 19:41:29;http://localhost:53780/Home/Table/constellation
24.05.2015 19:41:29;http://localhost:53780/Home/Table/constellation
24.05.2015 19:41:31;http://localhost:53780/Home/Table/Stars
24.05.2015 19:41:31;http://localhost:53780/Home/Table/Stars
24.05.2015 19:56:33;http://localhost:53780/
24.05.2015 19:56:44;http://localhost:53780/
24.05.2015 19:56:51;http://localhost:53780/Home/Table/galaxy
24.05.2015 19:56:51;http://localhost:53780/Home/Table/galaxy
